Lead ID,Lead Create Date,Lead Status,Follow Up Count,Group Connected,Sales Agent,Customer Rep,Latest Coverage Purchase Date,Latest Policy,Student Category,Pervious Policy
3Jg5Ng0Ml7Vd,6/3/2024,Enrolled,4,Yes,Sales 1,Customer Rep 1,12/1/2024,24-25 Prime 500,Undergraduate,
3Dg5Dc0Sb6Su,6/4/2024,Expired,3,No,,Customer Rep 2,8/23/2023,23-24 Prime 500,OPT,
4Ek2Dx5Rk4Pp,6/5/2024,Expired,4,No,,Customer Rep 2,7/30/2023,23-24 Prime 100,Graduate,
9Of5Fh9Pl7Sr,6/7/2024,Enrolled,1,Yes,Sales 2,Customer Rep 1,6/7/2024,24-25 Prime 100,Graduate,
5Dk0Ci9Ct3Lq,6/8/2024,Enrolled,1,Yes,Sales 2,Customer Rep 1,6/13/2024,24-25 Prime 500,Graduate,
4Ai6Nh4Xg5Ie,6/12/2024,Enrolled,2,Yes,,Customer Rep 1,6/28/2024,24-25 Supreme,Graduate,
5Tp0My4Ev4Lg,6/12/2024,Enrolled,4,Yes,Sales 2,Customer Rep 2,7/29/2024,24-25 Prime 100,Undergraduate,
8Qr5Sp8Wy1Em,6/12/2024,Enrolled,4,Yes,Sales 1,Customer Rep 1,8/19/2024,24-25 Prime 100,Undergraduate,23-24 Prime 100
4Ns9Ax4Dg9Lo,6/15/2024,Enrolled,1,No,,Customer Rep 1,6/15/2024,24-25 Prime 500,OPT,
5Kq2Kn9Ul0Dm,6/17/2024,Enrolled,1,Yes,Sales 2,Customer Rep 1,6/16/2024,24-25 Prime 100,Graduate,
6Ff0Ss9Sk8Ov,6/17/2024,Enrolled,1,Yes,,Customer Rep 1,6/17/2024,24-25 Prime 500,Undergraduate,23-24 Prime 500
1Iq9Mj6Ez7Kl,6/17/2024,Enrolled,1,Yes,,Customer Rep 1,6/17/2024,24-25 Prime 500,Undergraduate,
0Fh2Io4Om7If,6/17/2024,Enrolled,1,Yes,Sales 2,Customer Rep 2,6/27/2024,24-25 Global Care Plus,Graduate,
1Kq3Yi9Uq4Wd,6/17/2024,Enrolled,4,Yes,Sales 2,Customer Rep 2,7/11/2024,24-25 Prime 100,Graduate,
1Iv1Bl6Ph2Sx,6/18/2024,No Response,6,Yes,Sales 2,Customer Rep 1,,,J1,
8Vj6Yc5Ld7Xv,6/25/2024,Enrolled,1,Yes,Sales 1,Customer Rep 1,6/25/2024,24-25 Prime 500,Undergraduate,
5Zn5Cz3Xh4Jk,7/1/2024,Enrolled,1,Yes,Sales 2,Customer Rep 1,7/1/2024,24-25 Prime 500,Undergraduate,
1Pr2Xb2Ki4On,7/1/2024,Enrolled,4,Yes,Sales 1,Customer Rep 1,7/24/2024,24-25 Elite,J1,
7Gn5Rb8Vi3Gq,7/1/2024,Enrolled,6,Yes,Sales 1,Customer Rep 1,8/20/2024,24-25 Prime 100,Graduate,
0Qd4Ag1Kw1Cz,7/3/2024,Enrolled,1,No,,Customer Rep 1,7/1/2024,24-25 Prime 500,Graduate,
4Pi1Dg1Rl9Dp,7/4/2024,Enrolled,1,Yes,Sales 1,Customer Rep 1,7/6/2024,24-25 Prime 500,Graduate,
7Rl9Mb1Qt4Hd,7/4/2024,Enrolled,1,Yes,Sales 2,Customer Rep 1,7/9/2024,24-25 Prime 100,OPT,
2Mz8Ae0Kr0Tk,7/9/2024,No Response,4,Yes,Sales 2,Customer Rep 2,,,Undergraduate,
3Vq4At2Yi9Bu,7/10/2024,Enrolled,1,Yes,Sales 1,Customer Rep 2,7/15/2024,24-25 Prime 500,Graduate,
0Hv1Yy0Kv7Qg,7/10/2024,No Response,5,No,,Customer Rep 3,,,OPT,
4Xo4Yp3Gg4Qv,7/11/2024,Enrolled,5,No,,Customer Rep 2,8/15/2024,24-25 Prime 500,OPT,23-24 Prime 100
3As9Zy7Op9Kl,7/12/2024,Enrolled,1,Yes,,Customer Rep 1,7/12/2024,24-25 Supreme,OPT,
2Ju7Qg3Vg1Ko,7/12/2024,Enrolled,1,Yes,Sales 1,Customer Rep 2,7/13/2024,24-25 Prime 500,Graduate,
4Ph3Yq2Hm0Js,7/14/2024,Enrolled,3,Yes,Sales 2,Customer Rep 1,7/28/2024,24-25 Prime 500,Undergraduate,
7Jy6Mm2Um7Mj,7/18/2024,Enrolled,2,Yes,Sales 1,Customer Rep 2,7/24/2024,24-25 Supreme,Graduate,23-24 Prime 100
3Xu3Ml2Bn2Zx,7/18/2024,Enrolled,2,Yes,Sales 2,Customer Rep 2,7/30/2024,24-25 Supreme,Graduate,
8Kq5Qw8Qb6Bz,7/18/2024,Enrolled,3,No,Sales 1,Customer Rep 1,7/31/2024,24-25 Supreme,Graduate,
0Ff8Rf6Xr9Uu,7/18/2024,Enrolled,3,Yes,Sales 2,Customer Rep 2,8/7/2024,24-25 Prime 100,Undergraduate,
2Ws3Jg7Zk5Gu,7/18/2024,Enrolled,4,Yes,Sales 2,Customer Rep 2,8/10/2024,24-25 Prime 500,Graduate,
3Qu5Eq1Hj6Oa,7/18/2024,Enrolled,4,Yes,Sales 2,Customer Rep 1,8/12/2024,24-25 Prime 500,Undergraduate,23-24 Elite
8Af7Yp9Ux6Co,7/18/2024,Enrolled,5,Yes,Sales 1,Customer Rep 2,8/20/2024,24-25 Prime 100,Undergraduate,
5Ir8Vs0Pj3Ru,7/18/2024,Enrolled,6,Yes,Sales 1,Customer Rep 2,8/21/2024,24-25 Prime 500,Graduate,
8Pq8Wb7Hc0Rr,7/18/2024,Enrolled,6,Yes,Sales 1,Customer Rep 1,8/24/2024,24-25 Prime 500,Undergraduate,
7Mx0Hf2Rs9Ar,7/18/2024,Enrolled,4,Yes,Sales 2,Customer Rep 2,8/29/2024,24-25 Prime 100,OPT,
6Jg1Lc2Mv3Xy,7/18/2024,Enrolled,5,Yes,Sales 1,Customer Rep 1,8/30/2024,24-25 Prime 500,Graduate,
5Ze5Yg6Vm4Dd,7/18/2024,Enrolled,6,Yes,Sales 1,Customer Rep 2,8/31/2024,24-25 Prime 500,OPT,23-24 Prime 100
3Cs6Hu9Tf2La,7/18/2024,No Response,5,Yes,Sales 1,Customer Rep 1,,,OPT,
8Ng2Yw5Em6Do,7/18/2024,No Response,6,Yes,Sales 1,Customer Rep 1,,,Undergraduate,
1Il0Gy6Sp9Nl,7/18/2024,No Response,6,No,Sales 1,,,,Graduate,
1Ea9Uq0Fg7Ma,7/18/2024,No Response,6,No,Sales 2,,,,Graduate,
7Sn7Ky7Xy0Bf,7/18/2024,No Response,4,No,Sales 2,,,,Undergraduate,
0Pj4Xt6Ux8Si,7/18/2024,Lost,2,Yes,Sales 1,,,,Undergraduate,
7Qe6Ip3Od7Kw,7/18/2024,No Response,6,No,Sales 2,,,,Graduate,
6Eg5Wj6Us9Hx,7/18/2024,No Response,5,No,Sales 1,,,,J1,
2Hr0Bw0Qf1Kk,7/18/2024,No Response,6,No,Sales 2,,,,Undergraduate,
0Ir0Il8Si4Md,7/18/2024,No Response,5,No,Sales 1,,,,Undergraduate,
7Ci6Hi7Rb9Ck,7/18/2024,No Response,4,No,Sales 1,,,,OPT,
0Ml2Vt3Is2Ki,7/18/2024,No Response,5,No,Sales 2,,,,Undergraduate,
1Xd4Fs7Cd6Zz,7/18/2024,No Response,6,Yes,Sales 1,,,,Graduate,
6Lz8Gj8Fo6Qr,7/18/2024,No Response,6,No,Sales 2,,,,OPT,
5Gh3Rd8Ux3Qj,7/18/2024,No Response,4,No,Sales 1,,,,Undergraduate,
2Hw5Zc9Ew0Pq,7/18/2024,No Response,6,No,Sales 1,,,,Undergraduate,
5Bo7Ri8Sq2Hn,7/18/2024,No Response,4,No,Sales 2,,,,Graduate,
7Ur0Eo6Gq7Uk,7/18/2024,No Response,5,No,Sales 2,,,,J1,
2Ns7Co3Ka1Ra,7/20/2024,Lost,3,No,,Customer Rep 1,,,J1,
2Ov8Vf8Ku6Zr,7/21/2024,No Response,5,Yes,,Customer Rep 3,,,OPT,
3Ob6Cy0Qd3Fw,7/22/2024,Enrolled,1,No,,Customer Rep 2,7/22/2024,24-25 Supreme,Undergraduate,
3Wv3Hr5Dn3Wl,7/22/2024,Enrolled,1,Yes,Sales 2,Customer Rep 2,7/23/2024,24-25 Supreme,Graduate,
9Qm5Fu1Kn4Kk,7/22/2024,Enrolled,3,Yes,Sales 2,Customer Rep 1,8/9/2024,24-25 Supreme,Undergraduate,
2Ch6Id4Zk3Uj,7/22/2024,Enrolled,4,No,Sales 1,,8/13/2024,24-25 Prime 100,OPT,
8Dh9Vj2Gn1Ns,7/22/2024,Enrolled,5,Yes,Sales 2,Customer Rep 1,8/23/2024,24-25 Prime 500,Graduate,
4Ve4Us8Ba7St,7/22/2024,Enrolled,6,Yes,Sales 2,Customer Rep 1,8/29/2024,24-25 Supreme,J1,
7Ik0Qs7Bc1Ce,7/22/2024,Enrolled,4,Yes,Sales 1,Customer Rep 1,11/21/2024,24-25 Prime 500,Undergraduate,
7Ix7Wf3Vq8Jl,7/22/2024,No Response,5,No,Sales 2,,,,Undergraduate,
7Lj2Wj3Bs9Fr,7/22/2024,No Response,6,No,Sales 1,,,,Graduate,
3Zj9Uw9Gv3Wa,7/22/2024,Lost,4,Yes,Sales 2,,,,Undergraduate,
6Tv5Qf7Tu3Tz,7/22/2024,No Response,6,No,Sales 1,,,,Undergraduate,
5Ux6Tx9Fw7Aq,7/22/2024,No Response,5,No,Sales 1,,,,OPT,
0Wx7Vo1Vr5Lf,7/22/2024,No Response,6,No,Sales 2,,,,Graduate,
9Of5Pr4Gl6Lg,7/22/2024,Lost,2,Yes,Sales 1,,,,Graduate,
2Oi0Xu0Om4Vz,7/22/2024,No Response,4,No,Sales 2,,,,Graduate,
3Nm9Uy7Nd5Hy,7/22/2024,No Response,6,No,Sales 2,,,,Graduate,
0Li3Kh6Oa8Hw,7/22/2024,No Response,6,No,Sales 1,,,,Undergraduate,
0Bb7Yt5Bx2Px,7/22/2024,No Response,5,No,Sales 1,,,,Undergraduate,
6Xn3Vp8Sb0Yc,7/22/2024,No Response,6,No,Sales 2,,,,OPT,
3Qh5Ir0Gr1Et,7/22/2024,No Response,4,No,Sales 2,,,,J1,
4Ny8Qy5Kb8Bn,7/22/2024,No Response,6,No,Sales 2,,,,Undergraduate,
1Kr2Ip7Gd7Lm,7/22/2024,Lost,3,Yes,Sales 2,Customer Rep 1,,,Graduate,
0Dr9Yr5Ua7Ko,7/23/2024,Enrolled,1,Yes,Sub-Agent,Customer Rep 2,7/23/2024,24-25 Prime 500,Undergraduate,23-24 Prime 500
9Iz1Zn1Ip6Ei,7/24/2024,Enrolled,1,Yes,Sales 2,Customer Rep 1,6/25/2024,24-25 Prime 500,J1,
7Si6Js7Ct6Ua,7/25/2024,Enrolled,1,Yes,Sales 2,Customer Rep 1,7/22/2024,24-25 Supreme,Undergraduate,
9Oq2Ba4Aj7Kt,7/25/2024,Enrolled,1,Yes,Sales 1,Customer Rep 2,7/25/2024,24-25 Prime 500,Undergraduate,
8Qy4Gh7Ri6Pn,7/29/2024,Enrolled,1,Yes,Sales 2,Customer Rep 1,7/26/2024,24-25 Prime 500,Undergraduate,
7Tf9Tb2Te3Yz,7/29/2024,Enrolled,1,Yes,Sales 2,Customer Rep 2,7/26/2024,24-25 Prime 100,OPT,
4Qh2Jp4Kl1Yh,7/29/2024,Enrolled,1,Yes,Sales 2,Customer Rep 2,8/2/2024,24-25 Supreme,Graduate,
6Mr1Ot6Sr1Rm,7/30/2024,Enrolled,1,Yes,Sales 1,Customer Rep 2,7/30/2024,24-25 Prime 100,Undergraduate,
8Sz9Bx1Yu8Ya,7/31/2024,Enrolled,1,Yes,Sub-Agent,Customer Rep 2,7/26/2024,24-25 Prime 100,Undergraduate,
0Cc9Aw0Ax5No,7/31/2024,Enrolled,1,No,,Customer Rep 1,7/30/2024,24-25 Prime 100,J1,23-24 Elite
4Rv8Fk4Yc0Gz,7/31/2024,Enrolled,1,Yes,Sales 1,Customer Rep 2,7/31/2024,24-25 Supreme,Undergraduate,
2Nf6Tq8Xt7Bd,8/1/2024,Enrolled,4,Yes,Sales 2,Customer Rep 2,8/23/2024,24-25 Supreme,Undergraduate,23-24 Prime 500
7Dx6Bm9So5Do,8/4/2024,Enrolled,1,Yes,Sales 1,Customer Rep 2,8/4/2024,24-25 Prime 500,Undergraduate,23-24 Prime 500
6Ai0Pa1Mo5Py,8/5/2024,Enrolled,1,No,Sales 2,Customer Rep 1,8/5/2024,24-25 Supreme,Undergraduate,
1Xu1Ha0Nd1Qs,8/5/2024,Enrolled,1,Yes,Sales 2,Customer Rep 2,8/5/2024,24-25 Prime 100,Undergraduate,23-24 Supreme
6Si1Fe0Zo3Ap,8/5/2024,Enrolled,3,Yes,Sales 1,Customer Rep 2,8/19/2024,24-25 Global Care Plus,Graduate,
3Yy3Zc9Xx6Oh,8/5/2024,Lost,4,Yes,Sales 2,Customer Rep 2,,,Graduate,
4Yt3Eu0By4Mf,8/5/2024,No Response,5,Yes,Sales 2,,,,Graduate,
7Lg1Oq2Ua0Iq,8/6/2024,Enrolled,1,No,,Customer Rep 3,8/6/2024,24-25 Prime 500,Graduate,23-24 Prime 500
7Lg9Fn1Lu9Rm,8/6/2024,Lost,6,Yes,Sales 1,Customer Rep 2,,,Undergraduate,
6Ez9Br4Fk1Ni,8/7/2024,Enrolled,1,Yes,,Customer Rep 2,8/11/2024,24-25 Elite,OPT,
2Gk4Si7Dx3Aj,8/7/2024,Enrolled,3,Yes,Sales 2,Customer Rep 2,8/21/2024,24-25 Prime 500,J1,
1Ps7Mn0Nv7Kt,8/7/2024,Enrolled,5,Yes,Sales 2,Customer Rep 1,9/18/2024,24-25 Prime 100,Graduate,
1Cs1Qm3Sv3Bg,8/8/2024,Enrolled,2,Yes,Sales 1,Customer Rep 2,8/15/2024,24-25 Prime 500,Graduate,
6Wf6Mm5Bh6Oj,8/9/2024,Enrolled,1,Yes,,Customer Rep 2,8/9/2024,24-25 Prime 500,Graduate,23-24 Prime 500
6Mw3Yc7Pu9Hg,8/9/2024,Enrolled,1,Yes,Sales 1,Customer Rep 2,8/13/2024,24-25 Elite,Undergraduate,
7Jx2Gf3Cv6Gp,8/9/2024,Canceled,3,Yes,Sales 2,Customer Rep 1,,,OPT,
9Ov2Dk5Wl7Ab,8/12/2024,Enrolled,1,Yes,Sales 1,Customer Rep 2,7/14/2024,24-25 Prime 100,J1,
8Em5Oc6Gc1Yy,8/12/2024,Enrolled,1,No,,Customer Rep 2,7/31/2024,24-25 Prime 100,OPT,23-24 Prime 100
6Jo4Gu9Ek7Os,8/12/2024,Enrolled,1,Yes,Sales 1,Customer Rep 2,8/11/2024,24-25 Elite,OPT,
5Ik2Jx8Ws7Ca,8/12/2024,Enrolled,1,Yes,Sales 2,Customer Rep 1,8/11/2024,24-25 Elite,Graduate,
0Dz2Os2Qr8Ae,8/12/2024,Enrolled,1,Yes,Sales 1,Customer Rep 2,8/12/2024,24-25 Prime 500,Undergraduate,
5Dl2Jn8Jw8Ry,8/12/2024,Enrolled,1,No,Sales 2,Customer Rep 2,8/12/2024,24-25 Prime 500,Graduate,
1Ac2Vm9Tl5Le,8/12/2024,Enrolled,1,Yes,Sales 1,Customer Rep 1,8/13/2024,24-25 Prime 500,Undergraduate,
0Qq0Dl4Az9Jk,8/12/2024,Enrolled,2,Yes,Sales 1,Customer Rep 2,8/19/2024,24-25 Prime 500,Graduate,
8Gp7Ul1Wr0Vf,8/12/2024,Enrolled,4,No,Sales 1,,11/7/2024,24-25 Prime 500,Graduate,
6Oc9Ug4Db2Ag,8/12/2024,Enrolled,4,Yes,Sales 2,Customer Rep 2,11/19/2024,24-25 Prime 100,Undergraduate,23-24 Prime 100
0Oh5Zl6Ve5Oe,8/12/2024,Enrolled,4,No,,Customer Rep 1,11/27/2024,24-25 Prime 500,Graduate,
7Bj2Gz9Ae6Vk,8/13/2024,Enrolled,1,Yes,Sales 1,Customer Rep 2,8/13/2024,24-25 Elite,Graduate,
7Ql1Kl9Qs7Qb,8/13/2024,Enrolled,2,No,,Customer Rep 1,8/19/2024,24-25 Prime 500,J1,
0Kj0Ub3Pw7Yl,8/13/2024,No Response,4,No,,Customer Rep 1,,,Undergraduate,
5Yv0Pg8Am8Yx,8/14/2024,Enrolled,1,Yes,Sales 1,Customer Rep 2,8/14/2024,24-25 Prime 100,Graduate,
8Ok4Ng1Fd8Xm,8/14/2024,Enrolled,1,No,,Customer Rep 2,8/14/2024,24-25 Prime 500,Undergraduate,
2Ee2Di3Gl3Ii,8/14/2024,Enrolled,1,No,,Customer Rep 3,8/14/2024,24-25 Supreme,Graduate,
2Uv5Uh3Uv1Es,8/14/2024,No Response,5,No,Sales 1,,,,Graduate,
5Ft8Za2Vb7Yi,8/15/2024,Enrolled,1,Yes,Sales 1,Customer Rep 1,8/18/2024,24-25 Supreme,OPT,
9Sd5Qe7Ey5Ce,8/15/2024,Enrolled,4,Yes,Sales 2,Customer Rep 2,1/9/2025,24-25 Basic,OPT,
7Dl4Lq5Wb1Eq,8/15/2024,Lost,4,Yes,Sales 2,Customer Rep 2,,,Graduate,
1Gc1Ei0Bj6Bo,8/16/2024,Enrolled,1,No,,Customer Rep 2,8/14/2024,24-25 Elite,Graduate,
1Yi6Lx2Yl4Aa,8/16/2024,Enrolled,1,No,,Customer Rep 2,8/16/2024,24-25 Prime 500,Graduate,
1Hq7Cu2Ag7Zf,8/19/2024,Enrolled,1,No,,Customer Rep 1,8/19/2024,24-25 Prime 500,Graduate,
2Ew4Gw2Zy9Ug,8/19/2024,Enrolled,2,No,,Customer Rep 3,8/29/2024,24-25 Prime 500,Undergraduate,23-24 Prime 500
2Bi3Kz9Hm3Mw,8/20/2024,Enrolled,1,No,,Customer Rep 1,8/20/2024,24-25 Prime 500,Graduate,
2Qd6Az4Aq3Ql,8/20/2024,Enrolled,1,Yes,Sales 2,Customer Rep 1,8/20/2024,24-25 Prime 100,OPT,
2Xk9Zd1Pe2Pl,8/20/2024,Enrolled,1,No,,Customer Rep 1,8/20/2024,24-25 Elite,Undergraduate,
7Kc1It6Un2Qi,8/20/2024,Enrolled,1,Yes,,Customer Rep 2,8/20/2024,24-25 Supreme,OPT,
4Sz2Ci0Pv7Hl,8/20/2024,Enrolled,2,Yes,Sales 2,Customer Rep 3,8/26/2024,24-25 Prime 500,OPT,
2Tk0Lb0Ai5Xe,8/20/2024,Enrolled,2,Yes,,Customer Rep 2,8/27/2024,24-25 Prime 100,OPT,23-24 Prime 100
6Pd8Fm6Hc8Bb,8/21/2024,Enrolled,1,No,,Customer Rep 1,8/21/2024,24-25 Prime 100,OPT,
3Cy6Tu6Si5Ba,8/21/2024,Enrolled,4,No,,Customer Rep 2,11/26/2024,24-25 Prime 500,OPT,
4Tq0Nw4Ww8Wh,8/22/2024,No Response,6,No,,Customer Rep 2,,,Undergraduate,
6Tk9Mk9Ab5Xi,8/26/2024,Enrolled,1,Yes,Sales 1,Customer Rep 2,8/11/2024,24-25 Prime 500,Undergraduate,
9Fi6Bt9Oa1Wn,8/26/2024,Enrolled,1,Yes,Sales 2,Customer Rep 1,8/17/2024,24-25 Supreme,OPT,
2Dt8Wo3Uc0Po,8/26/2024,Enrolled,1,No,,Customer Rep 2,8/17/2024,24-25 Supreme,OPT,
7Pe2Wk1Xb7Jh,8/26/2024,Enrolled,1,Yes,Sales 1,Customer Rep 1,8/24/2024,24-25 Prime 500,Graduate,23-24 Prime 100
7Mc1Kp9Pe7Nq,8/26/2024,Enrolled,1,Yes,Sales 1,Customer Rep 2,8/25/2024,24-25 Prime 500,OPT,
7Eq6Qw4Xw5Vu,8/26/2024,Enrolled,1,No,,Customer Rep 2,8/25/2024,24-25 Prime 500,Undergraduate,
8Xk7Jw9Tb7Uy,8/26/2024,Enrolled,1,Yes,Sub-Agent,Customer Rep 2,8/26/2024,24-25 Prime 500,Undergraduate,23-24 Supreme
2Sf5Qi2Wj6Nz,8/26/2024,Enrolled,1,No,,Customer Rep 1,8/31/2024,24-25 Prime 500,OPT,
5Bu1Xc0Ay8Ro,8/27/2024,Enrolled,1,No,,Customer Rep 2,8/24/2024,24-25 Prime 500,Graduate,
6Eg9Im7Sl3Nj,8/27/2024,Enrolled,1,No,,Customer Rep 1,8/25/2024,24-25 Prime 100,Undergraduate,
2Bi2Uc5Or6Tj,8/27/2024,Enrolled,1,No,,Customer Rep 1,8/26/2024,24-25 Prime 100,J1,
2Gc4Ej7Sy3Cv,8/27/2024,Enrolled,1,Yes,Sub-Agent,Customer Rep 2,8/26/2024,24-25 Prime 100,Undergraduate,23-24 Supreme
3Gn4Zt6Wd1Yq,8/27/2024,Enrolled,1,No,,Customer Rep 1,8/27/2024,24-25 Prime 500,Undergraduate,23-24 Prime 500
9Cl5Fh9Fi1Kx,8/27/2024,Enrolled,1,No,,Customer Rep 1,8/27/2024,24-25 Prime 500,Graduate,
8Zt4Qi2Um2Zs,8/27/2024,Enrolled,1,Yes,,Customer Rep 2,8/27/2024,24-25 Prime 500,Graduate,
6Xm0Cs6Fo4Hy,8/27/2024,No Response,4,No,,Customer Rep 1,,,Graduate,
6Tx9Bl4Ez5If,8/28/2024,Enrolled,1,Yes,Sales 1,Customer Rep 2,8/23/2024,24-25 Prime 100,Undergraduate,
6Kz9Yy8Io5Ty,8/28/2024,Enrolled,1,Yes,Sales 2,Customer Rep 1,8/27/2024,24-25 Prime 500,OPT,
7Hk6Ic9Le3As,8/28/2024,Enrolled,1,No,,Customer Rep 2,8/28/2024,24-25 Prime 500,OPT,
4Na3Nt6Ru9Zo,8/28/2024,Enrolled,1,Yes,Sub-Agent,Customer Rep 2,8/28/2024,24-25 Prime 500,Graduate,
6It0Sg0Cc0Jj,8/28/2024,Enrolled,1,No,,Customer Rep 2,8/28/2024,24-25 Elite,Undergraduate,23-24 Elite
8Zx6Za8Yl3Bc,8/30/2024,Enrolled,1,No,,Customer Rep 2,8/20/2024,24-25 Prime 500,J1,
4Fa9Hp6Ge7Oj,8/30/2024,Enrolled,1,No,,Customer Rep 2,8/21/2024,24-25 Prime 500,J1,
4Bj0Sv5Ju9Ug,8/30/2024,Enrolled,1,No,,Customer Rep 2,8/24/2024,24-25 Elite,Undergraduate,
9Jc6Vr2Ys8Qh,8/30/2024,Enrolled,1,Yes,Sub-Agent,Customer Rep 2,8/27/2024,24-25 Prime 500,Graduate,
4Hd6Nd4Qv3Il,8/30/2024,Enrolled,1,Yes,Sub-Agent,Customer Rep 2,8/28/2024,24-25 Supreme,Undergraduate,
8Rb3Nx6Yw1Ic,8/30/2024,Enrolled,1,No,,Customer Rep 2,8/29/2024,24-25 Prime 500,Undergraduate,
2Cl4Ns9Iu6Km,8/30/2024,Enrolled,1,Yes,Sub-Agent,Customer Rep 2,8/30/2024,24-25 Prime 100,OPT,
2Na1Ri5Ll5Ck,8/30/2024,Enrolled,1,Yes,,Customer Rep 2,8/31/2024,24-25 Prime 500,Graduate,
0Sh2Zp4Cs9Am,9/2/2024,Enrolled,3,Yes,Sales 1,Customer Rep 2,9/2/2024,24-25 Prime 500,Graduate,
6Ww5Ps2Xf0My,9/7/2024,Expired,2,No,,Customer Rep 2,9/4/2024,23-24 Prime 100,OPT,
2Mx5Vp1Gt5Hy,9/9/2024,Enrolled,1,No,,Customer Rep 3,8/21/2024,24-25 Prime 500,J1,
8Nc3Jb7Cr3Oy,9/9/2024,Enrolled,1,No,,Customer Rep 1,8/27/2024,24-25 Prime 500,Undergraduate,
8Nn8Rz1De9Sz,9/9/2024,Enrolled,1,Yes,,Customer Rep 2,9/9/2024,24-25 Prime 100,Undergraduate,23-24 Supreme
3Wk0Hj1Vi9Cw,9/9/2024,Enrolled,1,Yes,Sub-Agent,Customer Rep 2,9/10/2024,24-25 Prime 500,Graduate,
5Er0Hx9Ed5Ji,9/10/2024,Enrolled,1,Yes,Sales 1,Customer Rep 2,7/11/2024,24-25 Prime 100,OPT,
8Ao3Qs0Gd2Rl,9/10/2024,Enrolled,1,No,Sales 2,,7/23/2024,24-25 Supreme,Undergraduate,
3Ru2Dg6Nw4Qw,9/10/2024,Enrolled,1,Yes,Sales 1,Customer Rep 2,7/23/2024,24-25 Supreme,OPT,
7Ze4Qr9Ih6Hc,9/10/2024,Enrolled,1,Yes,Sales 1,Customer Rep 2,8/2/2024,24-25 Supreme,Graduate,
4Pc0Hn9Ms2Sl,9/10/2024,Enrolled,1,Yes,Sales 1,Customer Rep 2,8/17/2024,24-25 Prime 500,J1,
7Tl2Pi1Bx3Xr,9/10/2024,Enrolled,1,Yes,Sales 2,Customer Rep 2,8/17/2024,24-25 Prime 500,OPT,
5Nm1Hx8Hx6Ad,9/10/2024,Enrolled,1,Yes,Sales 1,Customer Rep 2,8/19/2024,24-25 Prime 500,Undergraduate,23-24 Elite
7Cq9Fh0Fc0Pt,9/10/2024,Enrolled,1,Yes,Sales 1,Customer Rep 2,8/21/2024,24-25 Prime 100,Graduate,
7Up9Pp8Pw7Yp,9/10/2024,Enrolled,1,Yes,Sales 2,Customer Rep 2,8/26/2024,24-25 Prime 500,Undergraduate,
4Pl1Dy2Vn2Fd,9/10/2024,Enrolled,1,Yes,Sales 2,Customer Rep 2,8/26/2024,24-25 Prime 500,Undergraduate,23-24 Prime 100
9Tl3Vj9Dn9Gk,9/10/2024,Enrolled,1,Yes,Sales 1,Customer Rep 1,8/28/2024,24-25 Prime 500,Graduate,
5Ax2Ax0Fy2Wf,9/10/2024,Enrolled,1,Yes,Sales 1,Customer Rep 2,8/29/2024,24-25 Prime 500,Undergraduate,
0Ue4Ir7Zl5Ak,9/10/2024,Enrolled,1,Yes,Sales 1,Customer Rep 2,8/30/2024,24-25 Prime 100,Graduate,
4Xh9Nl7Hc7Fi,9/10/2024,Enrolled,1,Yes,Sales 2,Customer Rep 2,8/30/2024,24-25 Prime 500,J1,
3Yx9Fq6We9Ne,9/10/2024,Enrolled,1,Yes,Sales 1,Customer Rep 2,8/31/2024,24-25 Prime 100,OPT,
0Sj4Us7Xe2Dw,9/10/2024,Enrolled,1,Yes,Sales 2,Customer Rep 2,9/1/2024,24-25 Supreme,OPT,
5Wc7Lr2Qg6Ez,9/10/2024,Enrolled,1,No,,Customer Rep 2,9/1/2024,24-25 Prime 500,Graduate,
3Kn1Ud2Kl9Pl,9/10/2024,Enrolled,1,Yes,,Customer Rep 1,9/2/2024,24-25 Prime 500,J1,
7Zi4Zc7Vx0Vn,9/10/2024,Enrolled,3,Yes,Sales 2,Customer Rep 2,9/26/2024,24-25 Prime 100,Graduate,
7Iw2Pb9Wq5Gp,9/10/2024,Enrolled,6,Yes,Sales 1,Customer Rep 1,11/25/2024,24-25 Prime 500,Undergraduate,
5Vf7Rp9Ex2Jt,9/10/2024,Enrolled,4,Yes,Sales 1,Customer Rep 2,11/25/2024,24-25 Prime 500,Graduate,
3Ji1Vr4Ud7Fr,9/10/2024,Enrolled,5,Yes,Sales 2,Customer Rep 1,11/27/2024,24-25 Prime 500,Graduate,
6Cx3Zn5Po3Pl,9/10/2024,Enrolled,6,Yes,Sales 1,Customer Rep 2,11/29/2024,24-25 Prime 100,J1,
2Bj8Cu6Zk3Ik,9/10/2024,No Response,5,No,Sales 2,,,,Undergraduate,
4Gr7Mo1Bu9Aa,9/10/2024,No Response,5,No,Sales 1,,,,Undergraduate,
3Kk5Wf5Ue3Xw,9/10/2024,No Response,6,No,Sales 2,,,,Undergraduate,
3Sa1Ce5Ws4Kr,9/10/2024,No Response,6,No,Sales 1,,,,Undergraduate,
1Rd6Zj8Ey9Ga,9/10/2024,Lost,4,Yes,Sales 2,Customer Rep 2,,,OPT,
9Vb8By8Sb6Lb,9/10/2024,No Response,4,No,Sales 1,,,,OPT,
2Wb1Qg7Fo0Ux,9/10/2024,No Response,6,No,Sales 1,,,,J1,
1Yv5Cj3Hf9Bm,9/10/2024,No Response,6,No,Sales 1,,,,Undergraduate,
0Nz1Gs8De6Ge,9/10/2024,No Response,4,No,Sales 2,,,,Undergraduate,
0Mi1Os4Pa9Er,9/10/2024,No Response,4,No,Sales 2,,,,Graduate,
2Kn3Pq9Tw7Sm,9/10/2024,No Response,4,No,Sales 2,,,,Undergraduate,
1Sm0Cd4Lg4Rt,9/11/2024,Enrolled,1,Yes,Sales 2,Customer Rep 2,8/8/2024,24-25 Prime 100,Undergraduate,
5Aq5Iw0Me3Tw,9/11/2024,Enrolled,1,Yes,Sales 2,Customer Rep 2,8/13/2024,24-25 Prime 100,J1,
4Sb2Oy3Nk4Fy,9/11/2024,Enrolled,1,Yes,Sales 1,Customer Rep 2,8/13/2024,24-25 Elite,Undergraduate,23-24 Prime 100
4Wv2Bo9Yd2Fv,9/11/2024,Enrolled,1,Yes,Sales 1,Customer Rep 2,8/16/2024,24-25 Prime 500,Undergraduate,
4Sr1Em7Tv8Et,9/11/2024,Enrolled,1,No,Sales 1,,8/16/2024,24-25 Prime 500,Graduate,
3Rp6Ej5Ef4Vb,9/11/2024,Enrolled,1,Yes,Sales 2,Customer Rep 2,8/17/2024,24-25 Prime 500,J1,
0Fn1Wk1Ro8Iv,9/11/2024,Enrolled,1,No,Sales 1,,8/18/2024,24-25 Prime 100,Undergraduate,23-24 Prime 100
2Jo6Vs1Lp6Bn,9/11/2024,Enrolled,1,Yes,Sales 2,Customer Rep 1,8/20/2024,24-25 Prime 100,OPT,
1Lb2Ak1Kr5Lo,9/11/2024,Enrolled,1,Yes,Sales 1,Customer Rep 2,8/21/2024,24-25 Prime 500,Undergraduate,23-24 Prime 500
2Kw5Cq7Ks2Lc,9/11/2024,Enrolled,1,Yes,Sales 2,Customer Rep 2,8/21/2024,24-25 Elite,Undergraduate,
8To7Cn0Kw9Ae,9/11/2024,Enrolled,1,Yes,Sales 2,Customer Rep 2,8/21/2024,24-25 Prime 500,Undergraduate,
6Hj8Sb0Ct1Di,9/11/2024,Enrolled,1,Yes,Sales 2,Customer Rep 2,8/22/2024,24-25 Prime 100,Undergraduate,
9Qd3Pg7Kk2Rl,9/11/2024,Enrolled,1,No,Sales 1,,8/25/2024,24-25 Prime 500,Graduate,
6Js6Am2Ts9Gn,9/11/2024,Enrolled,1,Yes,Sales 2,Customer Rep 2,8/26/2024,24-25 Prime 100,Graduate,
4Gu7En9Sv3Ba,9/11/2024,Enrolled,1,Yes,Sales 1,Customer Rep 2,8/26/2024,24-25 Supreme,OPT,
6Qc9Kb3Kz7Ko,9/11/2024,Enrolled,1,Yes,Sales 2,Customer Rep 2,8/27/2024,24-25 Prime 500,Undergraduate,
6Bh8Uc0Ch9Vo,9/11/2024,Enrolled,1,Yes,Sales 2,Customer Rep 2,8/27/2024,24-25 Prime 100,Graduate,
3Pk1Zl1Lc5Ky,9/11/2024,Enrolled,1,Yes,Sales 2,Customer Rep 2,8/28/2024,24-25 Prime 100,Graduate,
1Tx2Qv4Gu4Uj,9/11/2024,Enrolled,1,Yes,Sales 2,Customer Rep 2,8/29/2024,24-25 Prime 100,Graduate,
7Uq7Rn7Eg1Wm,9/11/2024,Enrolled,1,Yes,Sales 2,Customer Rep 2,8/30/2024,24-25 Elite,OPT,
1Mx7Ig8Us4Jc,9/11/2024,Enrolled,1,Yes,Sales 2,Customer Rep 2,8/31/2024,24-25 Elite,Graduate,
1Nn7Xb3Fp1Qv,9/11/2024,Enrolled,1,Yes,Sales 1,Customer Rep 2,9/1/2024,24-25 Prime 500,OPT,
7Tf9Iv4Ax9Wm,9/11/2024,Enrolled,4,No,Sales 1,,11/24/2024,24-25 Prime 100,Graduate,
8Tr9Yy6Dq1Dh,9/11/2024,No Response,5,No,Sales 1,,,,Graduate,
0Zg9Mm3Jm1Qg,9/11/2024,No Response,4,No,Sales 1,,,,OPT,
1Tz5Re3Yg5Ze,9/11/2024,No Response,4,No,Sales 1,,,,Undergraduate,
0Aq9Bz3Fo5Ve,9/11/2024,No Response,5,No,Sales 2,,,,Undergraduate,
7Qu7Lq1Kk1Bj,9/11/2024,No Response,6,Yes,Sales 1,Customer Rep 2,,,Undergraduate,
5Oq9Qv7Bf1Ze,9/11/2024,No Response,6,No,Sales 1,,,,Undergraduate,
5Wc5Io0Rn0Ea,9/11/2024,No Response,5,No,Sales 2,,,,Undergraduate,
3Aa2St4Yw9Pz,9/11/2024,No Response,5,No,Sales 1,,,,Graduate,
4Qi6Xt1Bv6Rl,9/11/2024,No Response,6,No,Sales 1,,,,Undergraduate,
6Gy8Wy0Ji2Uj,9/11/2024,No Response,6,Yes,Sales 1,,,,Undergraduate,
0Ga3Ts0Nm9Sy,9/11/2024,No Response,6,No,Sales 1,,,,Undergraduate,
0Tw5Tg0Uj2Gg,9/11/2024,No Response,5,Yes,Sales 2,Customer Rep 1,,,Undergraduate,
5Td4Za3Ro6Zu,9/11/2024,No Response,6,No,Sales 2,,,,Graduate,
1Nc1Qm2Mv8Sr,9/11/2024,No Response,5,No,Sales 2,,,,OPT,
8Qq4Rd6Mb8Si,9/11/2024,No Response,6,No,Sales 2,,,,Graduate,
6Kv4Zr0Lo4Nk,9/11/2024,No Response,5,No,Sales 1,,,,Undergraduate,
3Im4Mj0Xh0Gf,9/12/2024,Enrolled,1,No,,Customer Rep 2,9/1/2024,24-25 Supreme,Graduate,
2Xj4Kh2Qf5Ka,9/12/2024,Enrolled,1,Yes,Sub-Agent,Customer Rep 2,9/12/2024,24-25 Prime 500,Graduate,
7Wg2Ul5Xv5Ur,9/12/2024,No Response,6,No,,Customer Rep 2,,,Undergraduate,
7Zy0Gq8Xb7Hc,9/13/2024,Enrolled,1,No,,Customer Rep 1,8/23/2024,24-25 Global Care Plus,Graduate,
2Zt5Uj5Ci7Ls,9/13/2024,Enrolled,1,No,,Customer Rep 1,8/31/2024,24-25 Prime 500,Undergraduate,
0Ec4Vj4Eb0Mf,9/13/2024,No Response,5,No,,Customer Rep 1,,,J1,
8Ad9Qq5Vp3Zk,9/16/2024,Enrolled,1,No,,Customer Rep 1,9/11/2024,24-25 Prime 100,Undergraduate,
3Qj9Ay7Bb8Cy,9/17/2024,Enrolled,1,No,,Customer Rep 2,7/24/2024,24-25 Prime 100,Undergraduate,
0Zp0Qc2Dh6Uy,9/17/2024,Enrolled,1,Yes,Sub-Agent,Customer Rep 2,8/16/2024,24-25 Prime 500,J1,
1At0Lf5Wy7Kc,9/17/2024,Enrolled,1,No,,Customer Rep 2,9/17/2024,24-25 Prime 100,Undergraduate,
7Sh4Cs7Fi6Kl,9/18/2024,Enrolled,1,Yes,,Customer Rep 2,8/24/2024,24-25 Prime 100,Graduate,
8Hq9Yx8Jl0Rd,9/19/2024,Enrolled,1,No,Sales 1,,8/8/2024,24-25 Prime 100,OPT,
2Jk2Ts2Av6Ts,9/19/2024,Enrolled,1,Yes,Sub-Agent,Customer Rep 2,8/18/2024,24-25 Prime 500,Undergraduate,23-24 Prime 500
8Ju0St5Ve4Eq,9/19/2024,Enrolled,1,No,Sales 1,,8/22/2024,24-25 Elite,OPT,
2Lu6Ta3Hd9Fs,9/19/2024,Enrolled,1,Yes,Sales 1,Customer Rep 1,8/27/2024,24-25 Prime 500,Undergraduate,
0Rp5Wm0Ni1Qc,9/19/2024,Enrolled,1,No,Sales 1,,8/28/2024,24-25 Prime 500,J1,
4Ws1Di3Jo7Wc,9/24/2024,Enrolled,1,No,,Customer Rep 1,8/18/2024,24-25 Prime 100,OPT,
7Tj6Zr2Fg1Ry,9/25/2024,Enrolled,1,No,,Customer Rep 1,6/25/2024,24-25 Prime 500,Undergraduate,
9Qq5Xg1Hs4Mv,9/26/2024,No Response,6,No,,Customer Rep 1,,,Graduate,
1Gh2Jl5Ub6Yn,9/28/2024,Enrolled,1,No,,Customer Rep 2,9/28/2024,24-25 Prime 500,Graduate,
6Iy4Xl9Fc8Ae,9/28/2024,Enrolled,1,No,,Customer Rep 1,9/28/2024,24-25 Prime 100,Undergraduate,23-24 Elite
1Co0Fd3Jc3Vu,9/30/2024,Enrolled,1,Yes,Sales 2,Customer Rep 1,9/27/2024,24-25 Prime 100,Undergraduate,
7Wu3Ee0Az4Pv,10/1/2024,Enrolled,1,No,,Customer Rep 2,8/13/2024,24-25 Elite,Graduate,
6Hh1Ny5Ar6Fa,10/1/2024,Enrolled,1,No,,Customer Rep 2,9/28/2024,24-25 Prime 500,OPT,
9Jy0Dg5Qi5Hc,10/3/2024,Enrolled,1,No,,Customer Rep 1,8/24/2024,24-25 Prime 500,Undergraduate,23-24 Supreme
4Gk9Mm4Hn9Jq,10/7/2024,Enrolled,1,No,,Customer Rep 2,7/11/2024,24-25 Prime 500,OPT,
0Tc3Qb7Si0Og,10/7/2024,Enrolled,1,No,,Customer Rep 2,7/20/2024,24-25 Prime 500,OPT,
5Lc6Yd3Tp3Hb,10/8/2024,Enrolled,1,Yes,Sales 1,Customer Rep 2,8/26/2024,24-25 Prime 500,OPT,
5Mf2Qb4Mb8Bu,10/8/2024,Enrolled,1,Yes,Sales 1,Customer Rep 2,8/30/2024,24-25 Prime 500,OPT,
3Ny8Nv9Jx4Yn,10/8/2024,Enrolled,5,No,,Customer Rep 2,11/19/2024,24-25 Prime 100,Graduate,
4No9Sn2Sx7Rk,10/8/2024,Lost,5,No,,Customer Rep 1,,,J1,
5Ed5Cd0Zd2Xd,10/9/2024,Enrolled,1,Yes,Sales 2,Customer Rep 2,7/14/2024,24-25 Global Care Plus,J1,
1Cb9Mi8Yx2Gv,10/9/2024,Enrolled,1,Yes,Sub-Agent,Customer Rep 2,8/15/2024,24-25 Prime 500,J1,
4Fy6Nm0Kg0Pa,10/9/2024,Enrolled,1,Yes,Sub-Agent,Customer Rep 2,8/15/2024,24-25 Prime 500,Graduate,
3Ru0Jj0At2Hn,10/9/2024,Enrolled,1,Yes,Sales 1,Customer Rep 2,8/19/2024,24-25 Prime 500,OPT,
3Eb2Ws9Yq1Ca,10/9/2024,Enrolled,1,Yes,Sales 1,Customer Rep 2,8/19/2024,24-25 Prime 500,Undergraduate,
5Hm5Dy7Ow6Dq,10/9/2024,Enrolled,1,No,,Customer Rep 2,8/30/2024,24-25 Prime 500,OPT,
0Qm0Dd3Vo4Uh,10/9/2024,Enrolled,1,Yes,Sales 1,Customer Rep 2,9/28/2024,24-25 Prime 500,Undergraduate,
9Qa6Dg2Ks9Ev,10/10/2024,Enrolled,1,Yes,Sub-Agent,Customer Rep 2,7/14/2024,24-25 Prime 500,Undergraduate,
8Nc3Yg5Ay2Ri,10/10/2024,Enrolled,1,No,,Customer Rep 2,8/16/2024,24-25 Prime 500,Undergraduate,23-24 Prime 500
6Hr5Dx1Ts3Un,10/10/2024,Enrolled,1,Yes,Sales 2,Customer Rep 2,8/31/2024,24-25 Prime 500,Undergraduate,
9Fe4Tn4Gd5Dl,10/11/2024,Enrolled,1,Yes,Sales 2,Customer Rep 1,8/23/2024,24-25 Supreme,Graduate,
7Sw3Ni3Kx2Ku,10/14/2024,Enrolled,1,Yes,Sales 2,Customer Rep 1,8/21/2024,24-25 Elite,Graduate,
4Er2Hm1Px1Zb,10/14/2024,Enrolled,1,No,,Customer Rep 1,8/23/2024,24-25 Prime 100,Undergraduate,
7Qo5Cz5Lf4Xw,10/14/2024,Enrolled,1,Yes,Sales 1,Customer Rep 1,9/28/2024,24-25 Prime 100,Undergraduate,
5Mg4Kl8Hp5Uz,10/14/2024,Enrolled,5,Yes,,Customer Rep 2,11/15/2024,24-25 Prime 100,J1,
6Ww1Hg6Sm9Tt,10/14/2024,No Response,5,No,,Customer Rep 3,,,Graduate,
9Cw6Xf7Tz8Ew,10/17/2024,No Response,5,No,,Customer Rep 2,,,Undergraduate,
2Za9Ie9Ux5Cf,10/29/2024,Enrolled,1,Yes,,Customer Rep 2,8/29/2024,24-25 Prime 100,Undergraduate,23-24 Supreme
7Xi7Tn7Ca3Fz,11/3/2024,Enrolled,2,No,,Customer Rep 2,8/21/2024,24-25 Prime 100,J1,
5Uh4Lm7Ng0Nt,11/5/2024,Enrolled,1,No,,Customer Rep 2,8/29/2024,24-25 Prime 100,Graduate,
0Xv6Zz5Dj3Ca,11/6/2024,Enrolled,1,No,,Customer Rep 2,8/30/2024,24-25 Prime 500,Graduate,
7Uu2Eq1Ut1Bq,11/7/2024,Enrolled,1,No,,Customer Rep 1,8/5/2024,24-25 Supreme,Undergraduate,
1Ld7Yv7Kh5Oj,11/7/2024,Enrolled,1,Yes,Sales 2,Customer Rep 1,11/11/2024,24-25 Prime 500,OPT,
3Vm1Tq4Xi4Fr,11/11/2024,Enrolled,1,No,,Customer Rep 1,8/30/2024,24-25 Prime 500,Graduate,
9Qk3Ka5Xb7Qh,11/11/2024,Enrolled,1,Yes,Sales 1,Customer Rep 2,11/7/2024,24-25 Prime 500,Undergraduate,
1Lr6Qr3Jd0Hg,11/11/2024,Enrolled,1,No,,Customer Rep 3,11/11/2024,24-25 Prime 500,Graduate,
6Dj3Ps0Ml9Al,11/12/2024,Enrolled,1,Yes,Sales 1,Customer Rep 1,11/12/2024,24-25 Prime 500,Graduate,
7At9Fg8Hv5Jn,11/12/2024,Enrolled,1,Yes,Sales 2,Customer Rep 1,11/12/2024,24-25 Prime 500,Graduate,
9Wv8Gz1Xp0Zy,11/13/2024,Enrolled,1,No,,Customer Rep 2,9/1/2024,24-25 Supreme,Undergraduate,
5Tm4An5Jq4Fx,11/13/2024,Enrolled,1,No,,Customer Rep 2,9/4/2024,24-25 Prime 500,J1,
6Ex6Xe6Ue0Sv,11/14/2024,Enrolled,2,Yes,Sales 2,Customer Rep 1,11/22/2024,24-25 Prime 100,OPT,
5Vg4Og7Np6Ri,11/17/2024,Enrolled,1,Yes,,Customer Rep 2,11/18/2024,24-25 Prime 500,Graduate,
5Py4Pu3Hp8Ln,11/17/2024,Enrolled,1,No,,Customer Rep 1,11/18/2024,24-25 Prime 500,Undergraduate,
7Nt0Zv1Dz5Ql,11/18/2024,Enrolled,1,Yes,Sales 1,Customer Rep 1,11/18/2024,24-25 Prime 500,Graduate,
2Is8Ya1Qz6Oc,11/18/2024,Enrolled,4,No,,Customer Rep 3,2/10/2025,24-25 Prime 500,Undergraduate,23-24 Elite
3Aw8Ad1Ue5Ty,11/20/2024,Enrolled,1,Yes,,Customer Rep 1,11/19/2024,24-25 Supreme,Graduate,
5Om3Xu0Qw8Ep,11/20/2024,Enrolled,2,Yes,Sales 1,Customer Rep 1,12/2/2024,24-25 Prime 500,Graduate,
7Sj0Hx2Wb9Ax,11/21/2024,Enrolled,1,Yes,,Customer Rep 1,11/21/2024,24-25 Prime 500,OPT,
6Sj6He3Wv5Bf,11/21/2024,Enrolled,1,Yes,Sales 1,Customer Rep 1,11/21/2024,24-25 Prime 100,OPT,
0Ns6Tq2Gc5Fq,11/21/2024,Enrolled,1,Yes,Sales 2,Customer Rep 1,11/21/2024,24-25 Prime 100,Undergraduate,
0Ej2Rv7Bs3Zy,11/21/2024,Enrolled,1,Yes,,Customer Rep 2,11/21/2024,24-25 Prime 500,Graduate,
4Nr5Ho3Rh0Cu,11/22/2024,Expired,3,No,,Customer Rep 1,8/19/2024,23-24 Prime 500,OPT,
1Yw8Pp2Dc9Vl,11/22/2024,Enrolled,6,No,,Customer Rep 1,2/17/2025,24-25 Prime 100,Graduate,23-24 Prime 100
7Ya4Pm5Ip2Wj,11/25/2024,Enrolled,1,Yes,,Customer Rep 1,11/21/2024,24-25 Prime 100,OPT,
8Lf4Aa4Ye9Ia,11/25/2024,Enrolled,1,Yes,Sales 2,Customer Rep 1,11/22/2024,24-25 Prime 500,Graduate,
2Dc9Yc1Wr8Kk,11/25/2024,Enrolled,1,No,,Customer Rep 2,11/23/2024,24-25 Prime 500,Graduate,
2Zx1Kk0Ap2Dh,11/25/2024,Enrolled,1,Yes,Sales 2,Customer Rep 2,11/24/2024,24-25 Prime 100,OPT,
5Mu4Gx0Wy9Ck,11/25/2024,Enrolled,1,Yes,Sales 2,Customer Rep 1,11/24/2024,24-25 Prime 100,OPT,
1Nk6Po4Yo3Rt,11/25/2024,Enrolled,1,Yes,Sales 1,Customer Rep 1,11/24/2024,24-25 Prime 100,Graduate,
9Qa2Kl9Dz7Ep,11/25/2024,Enrolled,1,No,,Customer Rep 1,11/25/2024,24-25 Global Care Plus,Graduate,
0Pz3Jb7Ft0Sa,11/25/2024,Enrolled,1,Yes,,Customer Rep 1,11/25/2024,24-25 Prime 500,Graduate,
4Yy9Mn0Ta5Nx,11/25/2024,Enrolled,1,Yes,Sales 2,Customer Rep 2,11/25/2024,24-25 Prime 500,Graduate,
5Ka7Sc4Fl4Rq,11/25/2024,Enrolled,1,Yes,Sales 2,Customer Rep 1,11/25/2024,24-25 Prime 500,Graduate,
1Qx8Wm7Lb1Gf,11/25/2024,Enrolled,2,No,,Customer Rep 2,12/8/2024,24-25 Prime 100,Graduate,
9Yx1Io0Df9Ed,11/25/2024,No Response,6,Yes,Sales 1,Customer Rep 1,,,OPT,
2Tj0We0Bw8Wa,11/26/2024,Enrolled,1,Yes,,Customer Rep 2,11/26/2024,24-25 Prime 500,Undergraduate,
4Hg3Sf8Xz4Bk,11/26/2024,Enrolled,1,Yes,Sales 1,Customer Rep 1,11/26/2024,24-25 Prime 500,OPT,
1Jf7Eb2Et0Xf,11/26/2024,Enrolled,1,No,,Customer Rep 2,11/26/2024,24-25 Prime 500,Graduate,
1Ca2Bk6Gs0Hh,11/26/2024,Enrolled,1,No,,Customer Rep 2,11/27/2024,24-25 Prime 500,Undergraduate,23-24 Prime 500
0Ks5Ih3Fc6Fl,11/27/2024,Enrolled,1,Yes,Sales 1,Customer Rep 2,11/26/2024,24-25 Prime 500,Undergraduate,
7Lm6Pb5Zk9Hq,11/27/2024,Enrolled,1,Yes,,Customer Rep 1,11/27/2024,24-25 Prime 500,Graduate,
4Jb0Ye0Ho4Ia,11/27/2024,Enrolled,1,Yes,,Customer Rep 1,11/27/2024,24-25 Prime 500,OPT,
1Hp7Vl9Cd6Ic,11/27/2024,Enrolled,1,Yes,,Customer Rep 1,11/27/2024,24-25 Prime 500,OPT,
2Kf7Ln5Po0Fi,11/27/2024,Enrolled,1,Yes,,Customer Rep 2,11/28/2024,24-25 Prime 100,OPT,
7Kw4Of2Jh1Xq,11/27/2024,Enrolled,1,Yes,,Customer Rep 1,11/28/2024,24-25 Prime 500,Graduate,
1Pf2Bp6Ot0Cj,11/27/2024,Enrolled,1,No,,Customer Rep 1,11/28/2024,24-25 Prime 500,Graduate,
8Rp6Cy6Lx7Wl,11/27/2024,Enrolled,1,No,,Customer Rep 1,12/1/2024,24-25 Prime 500,OPT,23-24 Prime 500
3Yx1Vw8Hb1Kp,11/27/2024,Connecting,3,No,,Customer Rep 3,,,Undergraduate,
4Bd0Dg5Sq8Px,11/28/2024,Enrolled,1,No,,Customer Rep 1,11/29/2024,24-25 Prime 100,J1,
1Op7Jf3Fh5Qd,11/29/2024,Enrolled,1,Yes,,Customer Rep 1,11/29/2024,24-25 Prime 500,Graduate,
0Uf0Cn0Cj2Qw,12/1/2024,Enrolled,1,Yes,Sub-Agent,Customer Rep 2,12/2/2024,24-25 Prime 500,Graduate,
6Yh9Yq2Tw8Vb,12/2/2024,Enrolled,1,Yes,Sub-Agent,Customer Rep 2,12/1/2024,24-25 Prime 500,J1,
6Ux9Gt1Mc8Kz,12/2/2024,Enrolled,1,Yes,Sales 2,Customer Rep 1,12/2/2024,24-25 Prime 500,OPT,
7Ps9Vs3Yl5Em,12/2/2024,Enrolled,4,Yes,Sales 2,Customer Rep 1,2/28/2025,24-25 Global Care Plus,Graduate,
0Yj0Sj6Hu0Wk,12/3/2024,Enrolled,1,No,,Customer Rep 3,12/4/2024,24-25 Prime 500,Undergraduate,23-24 Supreme
1Fr3Cv8Xi2Ul,12/4/2024,Enrolled,1,No,,Customer Rep 2,12/4/2024,24-25 Elite,Undergraduate,
2Qt9Bb0Bn3Ak,12/6/2024,Connecting,3,No,Sales 2,,,,Graduate,
2Sk6Lx5Yw4Fw,12/6/2024,Connecting,3,No,Sales 1,,,,Undergraduate,
7Il4Qv9Bt8Lx,12/6/2024,Connecting,3,No,Sales 1,,,,Graduate,
5Sd5Ci1Ut6Jv,12/6/2024,Connecting,3,No,Sales 1,,,,OPT,
3Yp7Sr0Ic2Qa,12/6/2024,Connecting,3,No,Sales 1,,,,Undergraduate,
8Hp8Tn6Zg9Hi,12/6/2024,Connecting,3,No,Sales 1,,,,Undergraduate,
2Fo7Ka6Kl6Gg,12/6/2024,Connecting,3,No,Sales 2,,,,Graduate,
0Il5Kq6Oy4Ie,12/6/2024,Connecting,3,No,Sales 1,,,,J1,
9Dd3Kl1Ql1Pf,12/9/2024,Expired,4,No,,Customer Rep 2,2/3/2024,23-24 Prime 100,Undergraduate,
1Pz8Fp2Vl5Co,12/9/2024,Enrolled,1,No,Sales 2,,6/13/2024,24-25 Elite,J1,23-24 Elite
0Qo2Az0Wa3Zc,12/9/2024,Enrolled,1,Yes,Sales 1,,8/26/2024,24-25 Prime 500,Graduate,23-24 Prime 500
7Vw2Lv5Jd3Ij,12/9/2024,Enrolled,1,No,Sales 1,,11/13/2024,24-25 Prime 100,Undergraduate,
2Rk1Ae0Ln9Be,12/9/2024,Connecting,3,No,Sales 1,,,,J1,
1Ur1Im1Jx4Pe,12/9/2024,Connecting,3,No,Sales 1,,,,Graduate,
8Xm3Ff0Al1Ej,12/9/2024,Connecting,3,Yes,Sales 2,,,,Graduate,
7Jv6Ch7Ja7Zc,12/10/2024,Enrolled,1,No,,Customer Rep 1,12/10/2024,24-25 Supreme,Undergraduate,
8Wc8Am1It9Zx,12/13/2024,Enrolled,1,No,,Customer Rep 1,8/17/2024,24-25 Prime 500,Undergraduate,23-24 Elite
1Yl8Jm0Wd7Xs,12/16/2024,Enrolled,1,No,,Customer Rep 2,8/23/2024,24-25 Prime 100,Graduate,
0Oh8Jm1Va3Ro,12/16/2024,Enrolled,1,No,,Customer Rep 2,12/16/2024,24-25 Prime 500,Graduate,
1Uw8Vr7Or2Px,1/8/2025,Enrolled,1,Yes,Sales 1,Customer Rep 1,1/12/2025,24-25 Prime 500,OPT,
2Nu9Ug9Jf5Td,1/9/2025,Enrolled,1,Yes,Sales 1,Customer Rep 1,1/12/2025,24-25 Prime 500,Undergraduate,
7Jc6Eg7Cl0Ib,1/16/2025,Enrolled,1,No,,Customer Rep 3,1/17/2025,24-25 Prime 500,OPT,
6Qj9Eo0Pi5Bf,1/21/2025,Connecting,2,No,Sales 1,,,,Graduate,
7Ec7Vp3Zg3Ik,1/21/2025,Connecting,2,No,Sales 1,,,,J1,
5Gm8Pk2Np5Wo,1/21/2025,Connecting,2,No,Sales 1,,,,Graduate,
6Sc1Ii2Ec7Np,1/21/2025,Connecting,2,No,Sales 2,,,,Undergraduate,
5Kp1Sp6Cw4Rx,1/21/2025,Connecting,2,No,Sales 2,,,,OPT,
6Ro0Ef4Gh6Ml,1/21/2025,Connecting,2,No,Sales 2,,,,Undergraduate,
0Pp1Yi3Wh9Yh,1/21/2025,Connecting,2,No,Sales 1,,,,OPT,
3Uq1Vt4Xp2Qn,1/21/2025,Connecting,2,No,Sales 2,,,,Graduate,
8Xq6Yo3Bo9Kp,1/21/2025,Connecting,2,No,Sales 2,,,,OPT,
9Ur0Wy3Eh3Ep,1/21/2025,Connecting,2,No,Sales 2,,,,Graduate,
6To3Of1Dj3Dw,1/21/2025,Connecting,2,No,Sales 1,,,,Graduate,
2Ho5Wc0No7Ly,2/7/2025,Enrolled,1,No,,Customer Rep 3,8/30/2024,24-25 Prime 500,OPT,
4Ov9Xz5Cr2Vi,2/11/2025,Enrolled,1,Yes,Sales 2,Customer Rep 1,2/11/2025,24-25 Prime 500,OPT,
2St7Go4Fv3Om,2/13/2025,Enrolled,1,Yes,Sales 1,Customer Rep 1,11/28/2024,24-25 Prime 100,Undergraduate,
5Jw4Zq8Hn4Mb,2/19/2025,Enrolled,1,No,,Customer Rep 2,8/16/2024,24-25 Prime 500,Graduate,
5Cj3Hv8Ji0Xn,2/19/2025,Enrolled,1,No,,Customer Rep 2,8/26/2024,24-25 Prime 500,Graduate,
9Ai1Xi3Mj0Ns,2/19/2025,Enrolled,1,No,Sales 2,,2/19/2025,24-25 Prime 500,Graduate,
7Dx5Or6Sw7Er,2/20/2025,Enrolled,1,Yes,Sub-Agent,Customer Rep 2,12/11/2024,24-25 Prime 500,J1,
5Ud4Cf6Vy5Ht,2/20/2025,Enrolled,1,Yes,,Customer Rep 1,2/22/2025,24-25 Prime 500,OPT,
0Ls5Kf4Bx8Bc,2/23/2025,Enrolled,1,Yes,,Customer Rep 1,2/23/2025,24-25 Prime 500,Undergraduate,23-24 Elite
